,Federal,Estadual,Municipal,Total
1980,316747.8846,109250.3447,66284.74192,492282.9712
2000,483040.5239,333432.052,72184.08395,888656.6599
2014,1180068,615849,165085,1961002
